<?xml version="1.0" encoding="utf-8"?>
<VugenScriptMetadata>
  <ScriptName>HW_SHAK_5</ScriptName>
  <Protocol>Web - HTTP/HTML</Protocol>
  <ActionFiles>
    <FileEntry Name="vuser_init.c" Filter="2" />
    <FileEntry Name="Action.c" Filter="2" />
    <FileEntry Name="vuser_end.c" Filter="2" />
  </ActionFiles>
  <GeneralFiles>
    <FileEntry Name="HW_SHAK_5.usr" Filter="4" />
    <FileEntry Name="default.cfg" Filter="4" />
    <FileEntry Name="default.usp" Filter="4" />
    <FileEntry Name="HW_SHAK_5.prm" Filter="2" />
    <FileEntry Name="globals.h" Filter="2" />
    <FileEntry Name="password.dat" Filter="2" />
    <FileEntry Name="seatType.dat" Filter="2" />
    <FileEntry Name="Countries.dat" Filter="2" />
    <FileEntry Name="seatPref.dat" Filter="2" />
    <FileEntry Name="username.dat" Filter="2" />
    <FileEntry Name="combined_HW_SHAK_5.c" Filter="2" />
    <FileEntry Name="pre_cci.c" Filter="2" />
    <FileEntry Name="123362742440.idx" Filter="1" />
    <FileEntry Name="205620704440.idx" Filter="1" />
    <FileEntry Name="69322332440.idx" Filter="1" />
    <FileEntry Name="Bookmarks.xml" Filter="1" />
    <FileEntry Name="Breakpoints.xml" Filter="1" />
    <FileEntry Name="CompilerLogMetadata.xml" Filter="1" />
    <FileEntry Name="custom_body_variables.txt" Filter="1" />
    <FileEntry Name="HW_SHAK_5.c.pickle" Filter="1" />
    <FileEntry Name="HW_SHAK_5.ci" Filter="1" />
    <FileEntry Name="HW_SHAK_5.prm.bak" Filter="1" />
    <FileEntry Name="HW_SHAK_5.sdf" Filter="1" />
    <FileEntry Name="logfile.log" Filter="1" />
    <FileEntry Name="lrw_custom_body.h" Filter="1" />
    <FileEntry Name="mdrv.log" Filter="1" />
    <FileEntry Name="mdrvLMW.973.log" Filter="1" />
    <FileEntry Name="mdrvpa9.385.log" Filter="1" />
    <FileEntry Name="mdrvXUa.417.log" Filter="1" />
    <FileEntry Name="mdrv_cmd.txt" Filter="1" />
    <FileEntry Name="NewParam.dat" Filter="1" />
    <FileEntry Name="options.txt" Filter="1" />
    <FileEntry Name="output.bak" Filter="1" />
    <FileEntry Name="output.txt" Filter="1" />
    <FileEntry Name="replay.har" Filter="1" />
    <FileEntry Name="ReplaySummaryReport.xml" Filter="1" />
    <FileEntry Name="ScriptUploadMetadata.xml" Filter="1" />
    <FileEntry Name="shunra.shunra" Filter="1" />
    <FileEntry Name="UserTasks.xml" Filter="1" />
    <FileEntry Name="data\" Filter="1" />
    <FileEntry Name="result1\" Filter="1" />
  </GeneralFiles>
</VugenScriptMetadata>